delete from order_table cascade;
delete from book cascade;
delete from book_author cascade;
delete from book_genre cascade;
delete from book_order cascade;
delete from basket cascade;
delete from author;
delete from publisher;
delete from customer;
delete from owner;

insert into author values (0, 'JK Rowling');
insert into author values (1, 'RL Stine');
insert into author values (2, 'Stephen King');
insert into author values (3, 'HP Lovecraft');
insert into author values (4, 'Harper Lee');
insert into author values (5, 'Frank Kafka');
insert into author values (6, 'Edgar Allen Poe');
insert into author values (7, 'Truman Capote');
insert into author values (8, 'Ronald Dahl');
insert into author values (9, 'Dr Seuss');
insert into author values (10, 'Fyodor Dostoevsky');

--this is used to set the serial isbn to the max isbn of the inserted books
select setval('author_author_id_seq', (select max(author_id) from author));

insert into publisher values ('BrobeckPhleger&Harrison@gmail.com', 'BrobeckPhleger&Harrison', '26698055', '74 Se 3rd Ave #1494', '4163767867');
insert into publisher values ('StaffordWilliamPIi@gmail.com', 'StaffordWilliamPIi', '39868312', '3 Bush St', '5067242777');
insert into publisher values ('StonyCreekApartments@gmail.com', 'StonyCreekApartments', '66433838', '629 105th Ave', '9057159339');
insert into publisher values ('ArizonaStoreEquipment@gmail.com', 'ArizonaStoreEquipment', '07457457', '58 Executive Dr', '3068545060');
insert into publisher values ('L&PConstruction@gmail.com', 'L&PConstruction', '44237856', '200 W Bijou St #6013', '4034052804');
insert into publisher values ('Bacompt@gmail.com', 'Bacompt', '52758388', '2 Us Highway 206', '5067955209');
insert into publisher values ('TarkettInc@gmail.com', 'TarkettInc', '96220425', '8570 E 8th St', '2042853978');
insert into publisher values ('Century21TwinOaksRltyInc@gmail.com', 'Century21TwinOaksRltyInc', '63981736', '3068 N Interstate 35', '2049041386');
insert into publisher values ('CohenMortimerSEsq@gmail.com', 'CohenMortimerSEsq', '45466734', '4241 Tapp St', '4034389257');
insert into publisher values ('MeraglioRuissellJJr@gmail.com', 'MeraglioRuissellJJr', '64693387', '99 Hart St', '9027822576');
insert into publisher values ('StritzelAwningSvc@gmail.com', 'StritzelAwningSvc', '99893452', '1822 Guilford Rd', '5068391630');
insert into publisher values ('CollinsFrederickHEsq@gmail.com', 'CollinsFrederickHEsq', '35007408', '995 Concord Rd', '5146571920');
insert into publisher values ('MulliganThomasOEsq@gmail.com', 'MulliganThomasOEsq', '50430314', '3 Main St', '7056932982');
insert into publisher values ('CityJudge@gmail.com', 'CityJudge', '86509035', '7995 Douglas Rd E #6', '7809533852');
insert into publisher values ('DodsonMacPa@gmail.com', 'DodsonMacPa', '88859735', '965 Bryant St', '5067636456');
insert into publisher values ('WelschMetalProductsInc@gmail.com', 'WelschMetalProductsInc', '53536781', '2863 Brooklyn Terminal Mkt', '6045453662');
insert into publisher values ('CellularOne@gmail.com', 'CellularOne', '25482195', '6410 E State Hwy', '4036408755');
insert into publisher values ('FinchersFindings@gmail.com', 'FinchersFindings', '58123709', '4895 Country Club Rd', '4189137998');
insert into publisher values ('USTsubakiInc@gmail.com', 'USTsubakiInc', '61736011', '43 Gateway Blvd', '9058485458');
insert into publisher values ('CliffClarksIncSales&Serv@gmail.com', 'CliffClarksIncSales&Serv', '06603407', '881 South St #4', '6138577922');

insert into customer values ('Effie Frymark@gmail.com', 'Effie Frymark', 'Effie Frymark', '78473196', '51 3rd Ave', '5194334142');
insert into customer values ('Kenneth Degennaro@gmail.com', 'Kenneth Degennaro', 'Kenneth Degennaro', '51283919', '965 Bryant St', '5067636456');
insert into customer values ('Marleen Hennon@gmail.com', 'Marleen Hennon', 'Marleen Hennon', '72470671', '2863 Brooklyn Terminal Mkt', '6045453662');
insert into customer values ('Joaquin Geitner@gmail.com', 'Joaquin Geitner', 'Joaquin Geitner', '45433763', '6410 E State Hwy', '4036408755');
insert into customer values ('Slyvia Stockham@gmail.com', 'Slyvia Stockham', 'Slyvia Stockham', '16541558', '4895 Country Club Rd', '4189137998');
insert into customer values ('Kris Bala@gmail.com', 'Kris Bala', 'Kris Bala', '65578550', '43 Gateway Blvd', '9058485458');
insert into customer values ('Gussie Diflorio@gmail.com', 'Gussie Diflorio', 'Gussie Diflorio', '56979107', '881 South St #4', '6138577922');
insert into customer values ('Lavelle Lillywhite@gmail.com', 'Lavelle Lillywhite', 'Lavelle Lillywhite', '42644345', '5 S Taylor Ave', '4184424179');
insert into customer values ('Bev Dermo@gmail.com', 'Bev Dermo', 'Bev Dermo', '18817032', '6059 Alewa Dr', '6048806351');
insert into customer values ('Bette Digiovanni@gmail.com', 'Bette Digiovanni', 'Bette Digiovanni', '41494401', '345 Broadway St', '5198826434');
insert into customer values ('Lajuana Mccloud@gmail.com', 'Lajuana Mccloud', 'Lajuana Mccloud', '51053422', '7 W Pine St', '4502726370');
insert into customer values ('Shakira Westervelt@gmail.com', 'Shakira Westervelt', 'Shakira Westervelt', '70764624', '5470 N Lamar Blvd #542', '6049918721');
insert into customer values ('Matt Nickolich@gmail.com', 'Matt Nickolich', 'Matt Nickolich', '22876736', '103 E Main St #59', '3068912346');
insert into customer values ('Clemencia Momplaisir@gmail.com', 'Clemencia Momplaisir', 'Clemencia Momplaisir', '17975371', '698 N Allen Rd', '5148043533');
insert into customer values ('Oliva Ambert@gmail.com', 'Oliva Ambert', 'Oliva Ambert', '06969955', '1 Broadway St', '5066727328');
insert into customer values ('Ranee Maye@gmail.com', 'Ranee Maye', 'Ranee Maye', '19476303', '5361 N 500 W #3065', '4507005970');
insert into customer values ('Ming Eskew@gmail.com', 'Ming Eskew', 'Ming Eskew', '63240758', '4153 Broughton Ave', '2502286798');
insert into customer values ('Annice Peckens@gmail.com', 'Annice Peckens', 'Annice Peckens', '59029960', '5 Falls Rd', '2507277309');
insert into customer values ('Maricela Conger@gmail.com', 'Maricela Conger', 'Maricela Conger', '44775046', '865 N Port Ave', '6045681899');
insert into customer values ('Esteban Plantenberg@gmail.com', 'Esteban Plantenberg', 'Esteban Plantenberg', '18965293', '78 E River', '6045199547');
insert into customer values ('Doretha Wykle@gmail.com', 'Doretha Wykle', 'Doretha Wykle', '36240405', '5106 N Laurel Park Dr', '8073834855');
insert into customer values ('Dorsey Neitzke@gmail.com', 'Dorsey Neitzke', 'Dorsey Neitzke', '56366401', '9768 A Aven #112', '9029369426');
insert into customer values ('Amie Okuniewski@gmail.com', 'Amie Okuniewski', 'Amie Okuniewski', '06957104', '24 Venice Rd', '6136869039');
insert into customer values ('Bulah Berkoff@gmail.com', 'Bulah Berkoff', 'Bulah Berkoff', '26952014', '2497 Pennsylvania Ave', '5193095863');
insert into customer values ('Erin Delbosque@gmail.com', 'Erin Delbosque', 'Erin Delbosque', '56375930', '357 W Mount Royal Ave', '4503167813');
insert into customer values ('Kassandra Marushia@gmail.com', 'Kassandra Marushia', 'Kassandra Marushia', '93906468', '123 Euclid Ave #9396', '2506466446');
insert into customer values ('Leslee Matsuno@gmail.com', 'Leslee Matsuno', 'Leslee Matsuno', '01329346', '1251 E Main St #990', '4184605773');
insert into customer values ('Daniel Dobler@gmail.com', 'Daniel Dobler', 'Daniel Dobler', '86773432', '259 W 17th St #39', '5066172607');

insert into owner values ('Kendra Loud@gmail.com', 'Kendra Loud', 'Kendra Loud', '45885624', '6 Arch St #9757', '5063631526');
insert into owner values ('Lourdes Bauswell@gmail.com', 'Lourdes Bauswell', 'Lourdes Bauswell', '29963429', '9547 Belmont Rd #21', '6139037043');
insert into owner values ('Hannah Edmison@gmail.com', 'Hannah Edmison', 'Hannah Edmison', '90130151', '73 Pittsford Victor Rd', '6043343686');
insert into owner values ('Tom Loeza@gmail.com', 'Tom Loeza', 'Tom Loeza', '42851023', '447 Commercial St Se', '5144876096');
insert into owner values ('Queenie Kramarczyk@gmail.com', 'Queenie Kramarczyk', 'Queenie Kramarczyk', '59287661', '47 Garfield Ave', '3064215793');
insert into owner values ('Hui Portaro@gmail.com', 'Hui Portaro', 'Hui Portaro', '04568699', '3 Mill Rd', '5068277755');
insert into owner values ('Josefa Opitz@gmail.com', 'Josefa Opitz', 'Josefa Opitz', '54503913', '136 W Grand Ave #3', '5197887645');
insert into owner values ('Lea Steinhaus@gmail.com', 'Lea Steinhaus', 'Lea Steinhaus', '81585105', '80 Maplewood Dr #34', '9056188258');
insert into owner values ('Paola Vielma@gmail.com', 'Paola Vielma', 'Paola Vielma', '78004408', '58 Hancock St', '9054561117');
insert into owner values ('Hortencia Bresser@gmail.com', 'Hortencia Bresser', 'Hortencia Bresser', '33366948', '808 Calle De Industrias', '9022566791');
insert into owner values ('Leanna Tijerina@gmail.com', 'Leanna Tijerina', 'Leanna Tijerina', '57404174', '2859 Dorsett Rd', '4167192114');

insert into order_table values (0, 'Erin Delbosque@gmail.com', '357 W Mount Royal Ave', '56375930', '2008-09-02 05:49 PM');
insert into order_table values (1, 'Joaquin Geitner@gmail.com', '6410 E State Hwy', '45433763', '2012-02-08 10:46 PM');
insert into order_table values (2, 'Bulah Berkoff@gmail.com', '2497 Pennsylvania Ave', '26952014', '2011-04-10 04:52 PM');
insert into order_table values (3, 'Leslee Matsuno@gmail.com', '1251 E Main St #990', '01329346', '2014-07-31 03:38 AM');
insert into order_table values (4, 'Shakira Westervelt@gmail.com', '5470 N Lamar Blvd #542', '70764624', '2013-12-15 05:40 PM');
insert into order_table values (5, 'Esteban Plantenberg@gmail.com', '78 E River', '18965293', '2009-02-18 11:34 PM');
insert into order_table values (6, 'Kassandra Marushia@gmail.com', '123 Euclid Ave #9396', '93906468', '2016-01-30 04:33 AM');
insert into order_table values (7, 'Bev Dermo@gmail.com', '6059 Alewa Dr', '18817032', '2014-02-06 01:53 PM');
insert into order_table values (8, 'Ranee Maye@gmail.com', '5361 N 500 W #3065', '19476303', '2019-08-26 04:34 AM');
insert into order_table values (9, 'Slyvia Stockham@gmail.com', '4895 Country Club Rd', '16541558', '2019-11-19 12:30 PM');
insert into order_table values (10, 'Maricela Conger@gmail.com', '865 N Port Ave', '44775046', '2011-06-26 11:51 AM');
insert into order_table values (11, 'Effie Frymark@gmail.com', '51 3rd Ave', '78473196', '2014-10-05 03:47 PM');
insert into order_table values (12, 'Kenneth Degennaro@gmail.com', '965 Bryant St', '51283919', '2016-01-11 02:23 PM');
insert into order_table values (13, 'Daniel Dobler@gmail.com', '259 W 17th St #39', '86773432', '2018-03-26 09:26 AM');
insert into order_table values (14, 'Matt Nickolich@gmail.com', '103 E Main St #59', '22876736', '2008-09-27 03:18 AM');
insert into order_table values (15, 'Doretha Wykle@gmail.com', '5106 N Laurel Park Dr', '36240405', '2021-10-20 07:12 AM');
insert into order_table values (16, 'Kris Bala@gmail.com', '43 Gateway Blvd', '65578550', '2014-11-13 11:32 PM');
insert into order_table values (17, 'Amie Okuniewski@gmail.com', '24 Venice Rd', '06957104', '2017-04-06 08:16 AM');
insert into order_table values (18, 'Lajuana Mccloud@gmail.com', '7 W Pine St', '51053422', '2013-03-22 03:34 PM');
insert into order_table values (19, 'Gussie Diflorio@gmail.com', '881 South St #4', '56979107', '2014-06-25 02:13 AM');

--this is used to set the serial isbn to the max isbn of the inserted books
select setval('order_table_order_id_seq', (select max(order_id) from order_table));

insert into book values (0, 'Good Monkey Apocalypse', 435, 15, 72.98, 69.73, 0.28, 'StonyCreekApartments@gmail.com');
insert into book values (1, 'Games Student Friendship', 438, 15, 61.43, 58.18, 0.31, 'MulliganThomasOEsq@gmail.com');
insert into book values (2, 'Games Spice in Space', 314, 15, 67.43, 64.18, 0.29, 'MeraglioRuissellJJr@gmail.com');
insert into book values (3, 'Games Pear Attack', 682, 15, 26.07, 22.82, 0.18, 'CityJudge@gmail.com');
insert into book values (4, 'Hot Spice Apocalypse', 989, 15, 60.24, 56.99, 0.26, 'TarkettInc@gmail.com');
insert into book values (5, 'Good Student Disaster', 904, 15, 44.68, 41.43, 0.95, 'StritzelAwningSvc@gmail.com');
insert into book values (6, 'Hot Monkey Love', 895, 15, 29.89, 26.64, 0.47, 'L&PConstruction@gmail.com');
insert into book values (7, 'Big Taste Attack', 265, 15, 49.46, 46.21, 0.2, 'StaffordWilliamPIi@gmail.com');
insert into book values (8, 'Hot Student Escape', 823, 15, 41.67, 38.42, 0.28, 'DodsonMacPa@gmail.com');
insert into book values (9, 'Hot Taste Apocalypse', 87, 15, 34.28, 31.03, 0.88, 'Bacompt@gmail.com');
insert into book values (10, 'It Hunger Love', 965, 15, 20.89, 17.64, 0.6, 'Century21TwinOaksRltyInc@gmail.com');
insert into book values (11, 'Games Delish Escape', 792, 15, 72.98, 69.73, 0.62, 'WelschMetalProductsInc@gmail.com');
insert into book values (12, 'Good Hunger Apocalypse', 266, 15, 67.14, 63.89, 0.5, 'CellularOne@gmail.com');
insert into book values (13, 'Big Spice Friendship', 971, 15, 62.01, 58.76, 0.72, 'CohenMortimerSEsq@gmail.com');
insert into book values (14, 'It Monkey Escape', 422, 15, 31.67, 28.42, 0.53, 'BrobeckPhleger&Harrison@gmail.com');
insert into book values (15, 'Big Spice Disaster', 941, 15, 31.63, 28.38, 0.49, 'CliffClarksIncSales&Serv@gmail.com');
insert into book values (16, 'First Hunger Love', 834, 15, 42.52, 39.27, 0.25, 'ArizonaStoreEquipment@gmail.com');
insert into book values (17, 'Big Student Friendship', 616, 15, 47.47, 44.22, 0.55, 'CollinsFrederickHEsq@gmail.com');
insert into book values (18, 'It Taste in Space', 210, 15, 52.09, 48.84, 0.53, 'USTsubakiInc@gmail.com');
insert into book values (19, 'Cold Hunger Attack', 288, 15, 30.05, 26.8, 0.49, 'FinchersFindings@gmail.com');

--this is used to set the serial isbn to the max isbn of the inserted books
select setval('book_isbn_seq', (select max(isbn) from book));

insert into book_author values (8, 0);
insert into book_author values (5, 1);
insert into book_author values (6, 2);
insert into book_author values (3, 3);
insert into book_author values (3, 4);
insert into book_author values (9, 5);
insert into book_author values (2, 6);
insert into book_author values (4, 7);
insert into book_author values (6, 8);
insert into book_author values (2, 9);
insert into book_author values (3, 9);
insert into book_author values (5, 9);
insert into book_author values (5, 10);
insert into book_author values (2, 11);
insert into book_author values (9, 12);
insert into book_author values (8, 13);
insert into book_author values (1, 14);
insert into book_author values (8, 15);
insert into book_author values (2, 16);
insert into book_author values (0, 17);
insert into book_author values (5, 18);
insert into book_author values (3, 19);
insert into book_author values (4, 19);

insert into book_genre values (0, 'Biography');
insert into book_genre values (1, 'Fiction');
insert into book_genre values (1, 'Comedy');
insert into book_genre values (1, 'Non-fiction');
insert into book_genre values (1, 'Fantasy');
insert into book_genre values (1, 'Teenager');
insert into book_genre values (2, 'Fantasy');
insert into book_genre values (2, 'Horror');
insert into book_genre values (2, 'Romance');
insert into book_genre values (2, 'Biography');
insert into book_genre values (2, 'Fiction');
insert into book_genre values (3, 'Biography');
insert into book_genre values (3, 'Apocalypse');
insert into book_genre values (4, 'Comedy');
insert into book_genre values (4, 'Romance');
insert into book_genre values (4, 'Non-fiction');
insert into book_genre values (4, 'Fiction');
insert into book_genre values (4, 'Fantasy');
insert into book_genre values (5, 'Adult');
insert into book_genre values (6, 'Biography');
insert into book_genre values (7, 'Non-fiction');
insert into book_genre values (7, 'Adult');
insert into book_genre values (8, 'Apocalypse');
insert into book_genre values (8, 'Non-fiction');
insert into book_genre values (8, 'Romance');
insert into book_genre values (8, 'Adult');
insert into book_genre values (9, 'Non-fiction');
insert into book_genre values (9, 'Biography');
insert into book_genre values (9, 'Comedy');
insert into book_genre values (9, 'Apocalypse');
insert into book_genre values (10, 'Non-fiction');
insert into book_genre values (10, 'Horror');
insert into book_genre values (10, 'Romance');
insert into book_genre values (11, 'Biography');
insert into book_genre values (12, 'Fantasy');
insert into book_genre values (13, 'Non-fiction');
insert into book_genre values (13, 'Adult');
insert into book_genre values (14, 'Romance');
insert into book_genre values (14, 'Non-fiction');
insert into book_genre values (14, 'Apocalypse');
insert into book_genre values (15, 'Fiction');
insert into book_genre values (15, 'Comedy');
insert into book_genre values (15, 'Fantasy');
insert into book_genre values (16, 'Comedy');
insert into book_genre values (16, 'Fiction');
insert into book_genre values (16, 'Romance');
insert into book_genre values (16, 'Teenager');
insert into book_genre values (17, 'Fiction');
insert into book_genre values (17, 'Non-fiction');
insert into book_genre values (18, 'Comedy');
insert into book_genre values (18, 'Apocalypse');
insert into book_genre values (18, 'Horror');
insert into book_genre values (18, 'Romance');
insert into book_genre values (18, 'Fantasy');
insert into book_genre values (19, 'Fantasy');
insert into book_genre values (19, 'Biography');
insert into book_genre values (19, 'Teenager');
insert into book_genre values (19, 'Comedy');

insert into book_order values (0, 0, 17);
insert into book_order values (4, 0, 4);
insert into book_order values (9, 0, 4);
insert into book_order values (11, 0, 18);
insert into book_order values (5, 2, 18);
insert into book_order values (14, 3, 20);
insert into book_order values (17, 3, 2);
insert into book_order values (18, 4, 12);
insert into book_order values (14, 4, 5);
insert into book_order values (4, 4, 10);
insert into book_order values (17, 5, 7);
insert into book_order values (8, 5, 4);
insert into book_order values (15, 7, 4);
insert into book_order values (12, 7, 17);
insert into book_order values (14, 7, 17);
insert into book_order values (8, 7, 3);
insert into book_order values (15, 8, 11);
insert into book_order values (3, 8, 4);
insert into book_order values (13, 8, 15);
insert into book_order values (9, 10, 2);
insert into book_order values (0, 10, 6);
insert into book_order values (14, 10, 2);
insert into book_order values (18, 11, 2);
insert into book_order values (14, 11, 2);
insert into book_order values (18, 12, 5);
insert into book_order values (15, 12, 11);
insert into book_order values (1, 14, 8);
insert into book_order values (13, 14, 14);
insert into book_order values (2, 14, 4);
insert into book_order values (17, 14, 1);
insert into book_order values (11, 16, 19);
insert into book_order values (5, 16, 18);
insert into book_order values (17, 16, 3);
insert into book_order values (4, 16, 2);
insert into book_order values (17, 17, 18);
insert into book_order values (5, 19, 1);
insert into book_order values (15, 19, 4);


insert into basket values ('Effie Frymark@gmail.com', 16, 2);
insert into basket values ('Kenneth Degennaro@gmail.com', 7, 2);
insert into basket values ('Dorsey Neitzke@gmail.com', 6, 3);
insert into basket values ('Lajuana Mccloud@gmail.com', 17, 1);
insert into basket values ('Esteban Plantenberg@gmail.com', 3, 2);
insert into basket values ('Lavelle Lillywhite@gmail.com', 18, 2);
insert into basket values ('Clemencia Momplaisir@gmail.com', 10, 3);
insert into basket values ('Erin Delbosque@gmail.com', 17, 2);
insert into basket values ('Ming Eskew@gmail.com', 8, 3);
insert into basket values ('Kassandra Marushia@gmail.com', 15, 3);
insert into basket values ('Slyvia Stockham@gmail.com', 13, 2);
insert into basket values ('Daniel Dobler@gmail.com', 3, 3);
insert into basket values ('Bev Dermo@gmail.com', 12, 2);
insert into basket values ('Bette Digiovanni@gmail.com', 17, 3);
insert into basket values ('Doretha Wykle@gmail.com', 11, 1);
insert into basket values ('Joaquin Geitner@gmail.com', 19, 1);
insert into basket values ('Bulah Berkoff@gmail.com', 7, 1);
insert into basket values ('Maricela Conger@gmail.com', 0, 3);
insert into basket values ('Annice Peckens@gmail.com', 18, 3);
insert into basket values ('Kris Bala@gmail.com', 7, 3);
